{"cameraMode":{"drawMode":0,"name":"Shaded","section":"Shading Mode"},"sceneLighting":false,"audioPlay":false,"sceneViewState":{"m_AlwaysRefresh":false,"showFog":true,"showSkybox":false,"showFlares":true,"showImageEffects":true,"showParticleSystems":true,"showVisualEffectGraphs":true,"m_FxEnabled":true},"in2DMode":false,"pivot":{"x":41.22200012207031,"y":1.2999999523162842,"z":-0.30000001192092898},"rotation":{"x":-0.16037575900554658,"y":-0.46218883991241457,"z":0.085398830473423,"w":-0.8679713606834412},"size":0.30822059512138369,"orthographic":false}