{"cameraMode":{"drawMode":0,"name":"Shaded","section":"Shading Mode"},"sceneLighting":true,"audioPlay":false,"sceneViewState":{"m_AlwaysRefresh":false,"showFog":true,"showSkybox":true,"showFlares":true,"showImageEffects":true,"showParticleSystems":true,"showVisualEffectGraphs":true,"m_FxEnabled":true},"in2DMode":false,"pivot":{"x":1.9645752906799317,"y":1.7114167213439942,"z":1.9307270050048829},"rotation":{"x":-0.04931596666574478,"y":0.5296083092689514,"z":-0.030863141641020776,"w":-0.8462481498718262},"size":3.606259822845459,"orthographic":false}